﻿<?xml version="1.0" encoding="utf-8" ?>
<log4net>
  <!--调试日志-->
  <appender name="debugLog" type="log4net.Appender.RollingFileAppender,log4net" >
    <param name="File" value="logs\debug.log" />
    <param name="AppendToFile" value="true" />
    <param name="RollingStyle" value="Date" />
    <param name="DatePattern" value="yyyyMMdd" />
    <param name="StaticLogFileName" value="true" />
    <layout type="log4net.Layout.PatternLayout,log4net">
      <param name="ConversionPattern" value="%d{yyyy-MM-dd HH:mm:ss}%newline%message%n" />
    </layout>
    <filter type="log4net.Filter.LevelRangeFilter">
      <param name="LevelMin" value="DEBUG" />
    </filter>
  </appender>

  <!--信息日志-->
  <appender name="infoLog" type="log4net.Appender.RollingFileAppender,log4net" >
    <param name="File" value="logs\info.log" />
    <param name="AppendToFile" value="true" />
    <param name="RollingStyle" value="Date" />
    <param name="DatePattern" value="yyyyMMdd" />
    <param name="StaticLogFileName" value="true" />
    <layout type="log4net.Layout.PatternLayout,log4net">
      <param name="ConversionPattern" value="%d [%t] %-5p %c - %m%n" />
    </layout>
    <filter type="log4net.Filter.LevelRangeFilter">
      <param name="LevelMin" value="INFO" />
      <param name="LevelMax" value="INFO" />
    </filter>
  </appender>
  <!--错误日志-->
  <appender name="errorLog" type="log4net.Appender.RollingFileAppender,log4net" >
    <param name="File" value="logs\error.log" />
    <param name="AppendToFile" value="true" />
    <param name="RollingStyle" value="Date" />
    <param name="DatePattern" value="yyyyMMdd" />
    <param name="StaticLogFileName" value="true" />
    <layout type="log4net.Layout.PatternLayout,log4net">
      <param name="ConversionPattern" value="%d{yyyy-MM-dd HH:mm:ss}%newline%message%n" />
    </layout>
    <filter type="log4net.Filter.LevelRangeFilter">
      <param name="LevelMin" value="ERROR" />
      <param name="LevelMax" value="ERROR" />
    </filter>
  </appender>
  <root>
    <level value="ALL" />
    <appender-ref ref="debugLog" />
    <appender-ref ref="infoLog"/>
    <appender-ref ref="errorLog" />
  </root>
</log4net>
